Supply_Chain_Lead_Time,Equipment_Availability,Personnel_Readiness,Transport_Efficiency,Inventory_Buffer,Maintenance_Downtime,Communication_Reliability,Operational_Tempo,Fuel_Variability,Weather_Disruption,Terrain_Transport_Interaction,Adversary_Interference,Logistics_Performance
12.48357077,0.792617755,0.939935544,0.563753761,19.02614236,12.20908446,0.804609622,0.738269677,0.085780485,3.180640912,0.051325482,0.984089464,6210.571994
9.308678494,0.890941664,0.892463368,0.465527499,22.35830961,12.8784234,0.856980749,0.431087906,0.3,1.372686554,0.015669563,0.292248957,5868.484176
13.23844269,0.560143243,0.805963037,0.491474483,15.12867892,9.240638102,0.879319723,0.801672337,0.195599126,2.045222709,0.003969626,0.294817238,4914.001181
17.61514928,0.756296924,0.735306322,0.57598277,19.7665885,8.142469771,0.994384383,0.9994297,0.031693436,2.051197902,0.129106598,0.354548209,5798.166096
8.829233126,0.634935743,0.869822331,0.4797831,12.39638481,7.814572724,0.927827656,0.383990227,0.042333575,1.498215807,0.111786372,0.564594081,4910.579969
8.829315215,0.651287462,0.839348539,0.46563175,20.0158399,8.255105959,0.833225922,0.383998211,0.023729114,0.627534452,0.014103709,0.252322744,4437.955605
17.89606408,0.640760608,0.889519322,0.613780013,19.11562828,17.61494255,0.924301814,0.999982291,0.035093056,2.322974504,0.100725245,0.91528994,6142.259718
13.83717365,0.613600923,0.86351718,0.586136997,15.84420364,13.36833407,0.822634801,0.847145657,0.074648005,1.938996028,0.008736799,0.265685565,5117.167493
7.65262807,0.704852163,0.904955272,0.480946625,22.38014228,7.38715315,0.954134553,0.273791199,0.000235435,2.500240469,0.100520725,0.895815732,5383.16695
12.71280022,0.616904988,0.746476479,0.601004506,22.03507031,6.504959777,0.876443767,0.758165038,0.06904781,1.466399694,0.062937606,0.103475064,4786.828406
7.682911536,0.727045683,0.931739407,0.41974466,14.77922571,11.94691499,0.895318191,0.27649603,0.007314689,3.220821299,0.058068997,0.656562702,5019.410012
7.671351232,0.694976189,0.81975996,0.467030539,17.25510611,11.43199528,0.966289832,0.275462524,0.000252387,1.123226219,0.036976672,0.906985518,5174.987423
11.20981136,0.676105195,1,0.476256998,16.94957971,12.56247773,0.835641822,0.619804098,0.005709617,3.712040284,0.154198286,0.168749438,5277.976278
1,0.609243634,0.731081218,0.311009157,15.34899365,8.974593405,0.830144091,0.029038298,0.08236718,0.25236349,0.118168159,0.96832696,4685.711852
1.375410837,0.642322867,0.97359638,0.409620074,22.03800495,10.74048806,0.870820034,0.005926614,0.033266517,2.434770065,0.313165296,0.45288336,4703.177844
7.188562354,0.775539123,0.819791078,0.465798248,20.45469535,10.90565733,0.951918943,0.233438536,0.05706159,2.475430683,0.022589767,0.945715108,5436.745207
4.935844398,0.750091719,0.7348582,0.525030931,19.82557384,9.815292413,0.824032696,0.075832895,0.025091803,1.204442932,0.097300021,0.676820044,4824.161768
11.57123666,0.602244476,0.751611417,0.547252951,11.52014886,4.383347605,0.75839222,0.654550375,0.095561426,2.424393938,0.048892566,0.30158687,4648.009348
5.459879622,0.709933231,0.767965269,0.403389455,22.37296156,9.256272502,0.877442057,0.105855258,0.000986691,3.27951867,0.045672449,0.188302525,4497.757077
2.938481493,0.775138712,0.842416595,0.522089443,16.7896763,8.211124126,0.92758704,0.006266843,0.056458261,0,0.063641644,0.303735046,4925.233271
17.32824384,0.533059472,0.852283549,0.634334123,17.70565628,10.7342087,0.960013087,0.997238543,0.278691399,2.502744807,0.190081304,0.093017409,5154.101396
8.871118498,0.754336019,0.74263,0.51781607,21.78585957,16.8204016,0.876841932,0.388068486,0.02952403,0,0.09462946,0.143867966,4619.072186
10.33764102,0.633737624,0.797564541,0.492052205,23.76836945,10.86734324,0.87942867,0.533738447,0.043907025,1.034335196,0.004345625,0.10466044,4647.297965
2.876259069,0.757059867,1,0.380790629,16.27502661,10.53289097,0.957695037,0.005323043,0.032558284,3.629166365,0.13735349,0.422943544,4879.466845
7.278086377,0.623674084,0.972754317,0.454170525,8.28681872,13.24884951,0.806512915,0.241054929,0.058256454,1.418217967,0.211282984,0.795578376,5178.719392
10.55461295,0.51951179,0.843632367,0.55998356,17.93615026,11.42024513,0.880573961,0.555347634,0.3,0.826120036,0.009045641,0.141383554,4835.057259
4.245032113,0.537245756,0.803800348,0.536679636,23.86047548,11.03102886,0.909521194,0.043415323,0.264889439,1.802062271,0.007342842,0.130320433,4288.838112
11.87849009,0.704808495,0.812003133,0.595947077,24.40843966,11.52846022,0.922460936,0.683460976,0.000231216,4.067906338,0.001391138,0.64342895,5626.747994
6.99680655,0.72597225,0.861351797,0.445525594,21.12339171,15.30381534,0.874509665,0.217415254,0.006745578,0.168317753,0.061222923,0.197182982,4507.110787
8.541531251,0.609568337,0.697720743,0.429434441,16.92279841,6.672192216,0.901722051,0.35621258,0.081778856,0.948690088,0.052206883,0.097610038,4213.151831
6.991466939,0.763859246,0.774262346,0.476958982,23.78281778,10.98229106,0.775583632,0.216974911,0.040780033,3.497431683,0.006705094,0.166848578,4834.066638
19.26139092,0.533847994,0.633141593,0.504191941,14.10030821,6.775534844,0.867087579,0.980322432,0.276064892,3.857702344,0.072758797,0.923731396,5467.312803
9.932513876,0.69339202,0.839922312,0.515483524,21.56813249,11.57276422,0.922675436,0.493251593,0.000436654,1.896568776,0.046495559,0.821471253,5774.0829
4.711445355,0.57889838,0.864719594,0.439734324,19.95262126,8.183469936,0.850885298,0.064382933,0.146656024,0.760947297,0.25219864,0.354064562,4704.585664
14.11272456,0.634816389,0.751681354,0.517825421,22.73298051,8.70840777,0.902949211,0.866439827,0.042489031,4.095843502,0.000636071,0.655820767,5698.847956
3.89578175,0.704739867,0.957398676,0.359222664,29.72990814,10.23617626,0.922343625,0.030305531,0.000224663,3.594442392,0.041575359,0.537275674,4996.210239
11.04431798,0.613958663,0.677423434,0.536123185,20.08283584,11.60650073,0.88287254,0.603674163,0.074031116,2.678946988,0.088967311,0.677124263,5205.474104
1,0.661544446,0.653562512,0.375381452,17.64179399,11.32566574,0.908523189,0.037331679,0.014788297,1.187597651,0.319407016,0.682671152,4759.40769
3.359069756,0.800629281,0.822445182,0.375094856,21.41992912,7.144949388,0.851863372,0.014642902,0.101262522,1.950970659,0.030311911,0.628734015,5077.27336
10.98430618,0.642310813,0.90470983,0.366229951,12.94289653,10.76010085,0.889669436,0.59779608,0.033280423,1.839639919,0.051519782,0.266101369,4762.536731
13.6923329,0.783569211,0.968392769,0.535547584,18.82204221,9.307364963,0.930510808,0.836577368,0.069838131,2.330851305,0.158832348,0.039006421,5482.418767
10.85684141,0.587029315,0.754111574,0.597180994,16.87295118,6.704257657,0.907848648,0.585265374,0.127623758,3.451001438,0.04300877,0.455566782,5002.01734
9.421758588,0.752980418,0.907868083,0.577280547,18.96039687,10.12636758,0.870673437,0.442304668,0.028069247,2.879417041,0.186777369,0.890973885,5713.905269
8.494481522,0.844156862,0.796149153,0.462090002,22.69559498,9.236536226,0.91121082,0.351712786,0.207812009,0.922623923,5.61E-06,0.569497259,5470.941082
2.607390048,0.45283555,0.78273727,0.395963297,13.41406349,15.72054319,0.93573049,0.002127128,0.3,3.37649645,0.009426954,0.832391042,4602.264115
6.400778958,0.620310474,0.888365994,0.487446502,22.72826445,11.56929954,0.797502936,0.170366231,0.063504205,2.31313214,0.100290498,0.991624343,4942.357312
7.696806145,0.757707213,0.865232288,0.427048789,20.86633292,7.085111725,0.957953703,0.277739806,0.033301224,2.687065796,0.015659783,0.163616204,5083.502738
15.28561113,0.679695461,0.642360784,0.567945706,19.6628808,7.698707096,0.883187263,0.935472504,0.004122743,3.466540859,0.610343838,0.691777639,5959.911649
11.71809145,0.737114587,0.947654035,0.555484928,19.4090873,13.33724412,0.921274497,0.668448031,0.013774926,0.88841975,0.035329993,0.674293574,5759.458359
1.184799223,0.639601481,0.938009135,0.473194653,19.63718961,15.84031747,0.959862346,0.009211002,0.036479811,1.964174421,0.189035682,0.979955447,5381.411624
11.62041985,0.708658979,0.73744373,0.511196495,23.01772861,5.81830243,0.831416315,0.659220287,0.000749779,1.468545449,0.025896614,0.985600734,5641.265087
8.074588598,0.684432276,0.839580353,0.470562198,16.73152839,5.725663596,0.86452795,0.312182304,0.00242354,0.432140575,0.008067708,0.686678612,5289.236168
6.615389998,0.816778206,0.849403019,0.422254771,19.44826538,14.78673453,0.885572565,0.18680166,0.136371494,2.346709978,0.010703183,0.243614792,5151.80399
13.05838144,0.725442084,0.826067377,0.489239797,19.31859016,11.09147829,0.860812324,0.787120311,0.006472997,4.511556552,0.021023825,0.798555838,5529.121967
15.15499761,0.733760266,0.744969485,0.540226032,15.79585576,7.585914351,0.986746829,0.928906567,0.011397556,0.159922255,0.000622076,0.107029134,5235.939184
14.6564006,0.658812303,0.732837663,0.564932281,16.51478204,10.88013579,0.857161395,0.901192291,0.016964264,1.967719389,0.076406688,0.780699304,5579.168223
5.803912384,0.651239378,0.797444593,0.503718355,17.60181761,3.658872984,0.872222661,0.127939691,0.023775983,2.640542935,0.001591963,0.910196124,5071.852753
8.453938121,0.656744181,0.917272902,0.444380434,22.41152485,10.71173863,0.910219452,0.34784577,0.018710659,2.123078202,0.016350585,0.382833395,4808.222887
11.65631716,0.739445214,0.854360015,0.5911976,21.51064287,11.11293091,0.839892524,0.662619015,0.015559249,1.886871947,0.070301124,0.630635295,5975.031314
14.87772564,0.657901552,0.762938567,0.535221076,20.04608797,11.99587974,0.880215964,0.914003837,0.017722793,0.700783637,0.027371097,0.430142732,5464.542337
7.604128811,0.728977486,0.877169871,0.474972923,23.41280515,8.029668941,0.915872663,0.269476714,0.008396947,2.232786743,0.020891891,0.437765055,4940.158611
9.071705117,0.90754008,0.515145738,0.453356467,22.63229994,8.496523615,0.88335698,0.407702887,0.3,1.243236023,0.026664883,0.310370889,4827.502366
4.46832513,0.78711247,0.91487657,0.323471238,22.67331403,8.468240318,0.895330657,0.052968511,0.075885825,0,0.23632933,0.76212962,5280.14723
4.01896688,0.667397647,0.626028622,0.484391939,19.14968857,9.569092746,0.873533394,0.034671088,0.010629134,3.194592221,0.152692177,0.936176564,4933.842734
14.06262911,0.820121392,0.763755906,0.577468486,22.73058911,7.633704261,0.824276485,0.863013206,0.144291489,2.95838582,0.006493885,0.940750859,6277.313409
16.78120014,0.659192463,0.688033011,0.553745624,17.34823164,8.348756049,0.916079661,0.98853548,0.016652551,2.051660977,0.080992414,0.174781285,5275.157767
9.639949392,0.496187546,0.670531852,0.49974903,8.406953143,6.833234167,0.987746654,0.464026048,0.3,2.229074688,0.015188968,0.87474365,5026.216677
15.01766449,0.599191369,0.916082679,0.575973606,18.01789347,12.25922305,0.900920082,0.921687281,0.101623801,3.074318013,0.150997698,0.737431441,6020.60735
11.80818013,0.512920808,0.75322988,0.439954508,22.17343059,11.77966196,0.911263206,0.676902456,0.3,2.224339657,0.038706785,0.252837401,4670.194653
6.774401227,0.664848652,0.834650388,0.441291378,22.71448368,9.644812961,0.934636138,0.199352935,0.012356173,2.904017555,0.014167366,0.067284613,4160.81742
11.80697803,0.701841838,0.795307942,0.557783014,23.40651876,10.06361884,0.836533475,0.676790016,3.39E-05,1.702517799,0.004379576,0.267997267,5037.531741
17.69018283,0.867643731,0.847704083,0.514187357,26.84111349,6.809605101,0.985125733,0.999731724,0.281044206,3.311983739,0.0397522,0.912208237,6932.182149
9.820869804,0.732692737,0.807682189,0.512886595,20.80069263,9.326869179,0.91011644,0.482090812,0.010688151,2.320785726,0.01208724,0.633178675,5356.52458
17.82321828,0.678089947,0.671700778,0.510403093,20.36195418,9.109713585,0.981592845,0.999990536,0.004800504,2.194051944,0.18215142,0.721054661,5808.022209
1,0.782940558,0.899626682,0.392334244,19.08232674,16.88766351,0.86334835,0.250758686,0.068791362,0.729938911,0.305424405,0.257152351,4863.401541
14.10951252,0.478886469,0.750624342,0.539313051,15.57704204,7.035025188,0.990903096,0.866221217,0.3,2.286955854,0.046168362,0.719388156,5067.647486
10.43523534,0.723561456,0.64434181,0.423595763,22.50862086,12.58007623,0.938757775,0.543468591,0.005551422,1.168045083,0.042972493,0.028121506,4471.721269
8.504963248,0.777086519,0.757188484,0.5432866,25.36989332,12.13559196,0.927652004,0.352714127,0.059423315,1.361717273,0.09874323,0.375321346,5225.20487
10.45880388,0.552141375,0.950075979,0.46785846,17.29405867,11.57398325,0.911701223,0.54581603,0.218621729,1.184624372,0.044510459,0.626753349,5118.887593
1,0.814375404,0.885022174,0.360108932,20.13996864,14.73082221,0.887573569,0.042799903,0.130817331,0.933765068,0.194971832,0.146096566,4671.379281
8.901640561,0.733849641,0.765134787,0.499044865,20.50959247,10.68386185,0.960026583,0.391045296,0.011457982,4.124771403,0.01443382,0.823003574,5297.412013
11.78556286,0.658471209,0.76507423,0.575287496,21.48129175,10.72442745,0.907017993,0.674785217,0.017246405,3.331339062,0.01191273,0.235031299,5147.769842
17.38947022,0.763278187,0.767836495,0.523103611,15.89568094,9.679529402,0.801646515,0.997843843,0.040041289,3.920367502,0.101526314,0.652281113,5844.570268
7.408648909,0.927069286,1,0.477170482,15.36940595,14.18261411,0.844140677,0.252310871,0.3,0.77710498,0.504631229,0.405197143,6275.341287
5.957531986,0.718186626,0.838193545,0.481016145,18.34592041,12.86068743,0.890707712,0.138376153,0.003307533,2.07125375,0.019198898,0.596043595,5270.970441
7.491214782,0.724822059,0.843004165,0.509567428,16.09983739,8.756399498,0.915499949,0.259516626,0.006161346,0.706492375,0.031224293,0.107450553,4642.085219
14.57701059,0.65406391,0.903028345,0.554592184,17.53246796,7.451976805,0.897170576,0.896403865,0.021101244,1.304305123,0.182873973,0.0169128,4963.821413
11.64375555,0.615015563,0.823878916,0.498086164,18.20800233,9.656119966,0.960948539,0.661430636,0.072223545,1.081873017,0.009755793,0.909564427,5178.036498
7.351198981,0.783033582,0.774095785,0.432132479,19.65913429,7.924482158,0.802444907,0.247336786,0.068945757,3.239584006,0.015796269,0.269630009,4528.355568
12.56633717,0.614391617,0.780365015,0.529970566,23.79951063,9.729731111,0.907179397,0.745513135,0.073287952,1.603770322,0.002472152,0.819677003,5247.522559
10.48538775,0.707156624,0.792839874,0.451246927,21.25095603,12.92689077,0.809101039,0.548462572,0.000512173,3.068379334,0.007171173,0.9993503,5840.846572
14.84322495,0.652234255,0.796277776,0.402364725,20.33517409,8.880142686,0.937985615,0.912059485,0.022815664,2.60412089,0.008892948,0.211431258,5016.779863
6.489734531,0.747897983,0.872762954,0.486725336,22.89619474,10.33380161,0.895277064,0.177106689,0.022942167,4.303638752,0.059340644,0.265170741,4978.229922
8.361689267,0.733366211,0.805194589,0.528813635,16.51457725,10.1704221,0.920980499,0.339084782,0.01113304,0.520555777,0.000551165,0.662859788,4880.765235
8.039459234,0.803753994,0.873264008,0.362247971,25.19320117,12.47581816,0.856805852,0.308931291,0.107648914,3.25923324,0.061735459,0.965448635,5573.005274
2.682425259,0.64899836,0.791928342,0.376337717,18.9698004,4.55903565,0.963973247,0.002874565,0.026011673,3.14644087,0.020142582,0.915814348,4989.426421
11.48060139,0.673012506,0.807863519,0.545763727,21.94186976,8.591100407,0.952086233,0.645905775,0.007283248,1.026621162,0.007011201,0.50287552,5305.209724
11.30527636,0.602123628,0.600179932,0.615927537,14.78035411,9.308160451,0.929177215,0.629050107,0.095797841,3.007133336,0.065708728,0.795110283,5141.131033
10.02556728,0.655570674,0.891632767,0.501295358,13.89540443,13.4299861,0.893524138,0.502556717,0.01973965,2.336144963,0.011642484,0.135745853,4883.927164
8.827064333,0.737730049,0.834648848,0.451870496,23.42856454,9.027327212,0.928992864,0.383779277,0.014235566,1.77252374,0.005623791,0.977438184,5914.825077
2.92314629,0.775698862,0.899801011,0.420086641,22.45291627,6.095079571,0.864655372,0.00602713,0.057303177,1.176064513,0.290979089,0.964353234,5487.488724
7.896773386,0.607783468,0.510374462,0.547711555,15.45957157,9.749554243,0.942777783,0.295825197,0.085038889,1.280890549,0.347400725,0.163728958,4219.532775
8.286427417,0.786960592,1,0.450566065,18.2605881,9.72815509,0.982474045,0.331977508,0.075621446,4.049812096,0.210583013,0.299423125,5479.494811
5.988613654,0.835563786,0.786041037,0.419926536,25.97247853,7.061046241,0.953530528,0.140529591,0.1837754,2.000682819,0.001171351,0.100154998,5199.047489
9.193571442,0.74134349,0.910818282,0.467798538,16.45721073,9.166480755,0.863519877,0.419706318,0.017092842,2.782130002,0.024815016,0.271717599,4696.525647
12.02025428,0.887679581,0.696009407,0.472536112,28.56454906,8.933195585,0.918070866,0.696573112,0.3,1.209100618,0.067300041,0.815955789,6219.012245
19.43092951,0.62262108,0.861277391,0.600442811,15.68714363,8.916277148,0.835342923,0.975337805,0.059874972,1.220147054,0.097550137,0.378315607,5509.9102
10.87288906,0.57553453,0.694658444,0.589962814,20.36738968,4.074592125,0.928619516,0.586846192,0.154916533,3.081984809,0.161294904,0.088396967,4650.589965
11.28775195,0.522127975,0.737623104,0.529031483,16.18175496,11.7786975,0.922530171,0.627356253,0.3,0.650423788,0.003567822,0.342225525,4582.924449
9.627770421,0.849604431,0.991403135,0.483660029,24.35522248,14.20811891,0.806509183,0.462811415,0.223814858,1.584786232,0.030126122,0.981383334,6326.96356
1,0.765436566,0.78093176,0.389470876,19.07714948,11.44924334,0.841910808,0.029967404,0.042819441,2.034027411,0.014734812,0.629683595,4892.771794
9.867430623,0.694441533,0.821743287,0.420514766,19.34684782,7.400014115,0.885843055,0.486744615,0.000308966,2.111372602,0.01747911,0.416160946,5480.648037
10.30115105,0.727996863,0.887006773,0.547166999,20.56317005,10.03846096,0.884957013,0.5300969,0.007838243,1.820906715,0.140865653,0.166538513,5263.70464
22.31621056,0.587451095,0.849568189,0.619270246,14.80411033,10.28175798,0.839526153,0.813754797,0.12667256,2.395819781,0.04623625,0.986176797,5936.224649
9.038195176,0.944575198,0.815041891,0.481357956,26.26151318,11.52735788,0.919448936,0.404411578,0.3,2.692855756,0.021619426,0.820849009,6123.927388
11.50773671,0.712922118,0.8364961,0.674732746,18.39758429,11.82299377,0.91257368,0.648499042,0.001669811,2.734637545,0.002595903,0.281477302,5222.529681
9.826441151,0.710939479,1,0.513202057,19.36399249,9.680032234,0.890286543,0.4826476,0.001196722,1.014196191,0.066673276,0.070068696,4725.917503
4.156609812,0.772576662,0.79423812,0.403976546,17.60842712,10.16221806,0.862210425,0.039882986,0.052673719,1.715844902,0.017623794,0.056625557,4294.191038
15.71411407,0.748100923,0.820109905,0.535823261,11.75334604,11.2181324,0.952435356,0.954904333,0.023136988,3.194762862,0.013836179,0.12037815,5471.584391
13.75966516,0.722388402,0.90506544,0.595018937,19.66722887,14.12436621,0.982770356,0.841525932,0.005012406,2.894647188,0.030245556,0.580768584,5663.208753
13.95515974,0.620952554,0.910552593,0.545215118,27.25844229,12.35413126,0.875821926,0.855539613,0.062484986,0.627140549,0.020273754,0.928763421,6100.48007
5.453062726,0.747146836,0.918703031,0.382616728,23.45331754,12.60595423,0.869391654,0.105436178,0.022228241,2.3514799,0.124246275,0.496743428,5136.257725
17.01397155,0.88820245,0.863873022,0.616101162,22.75562542,10.58442204,0.924560383,0.992960412,0.3,0.021774751,0.150777757,0.842945482,6712.029045
2.990744686,0.834542005,0.685699509,0.396500243,21.09801217,12.699299,0.882098531,0.007118669,0.18101551,2.046934902,0.1365031,0.44588662,4815.777249
12.93428547,0.859318663,0.963343153,0.623007744,22.46841056,11.96348963,0.89303014,0.776873355,0.253824363,3.897767017,0.146115963,0.708583546,6830.705029
20.95227813,0.648878432,0.685365461,0.663525185,21.14809339,7.24558178,0.936982658,0.907038184,0.026134147,1.052107283,0.125517511,0.731872737,5949.239365
5.047318374,0.601039518,0.830263547,0.428107089,14.38274792,13.54966921,0.804532196,0.081839933,0.09793177,1.165676955,0.056631885,0.173963706,4174.764429
7.168511352,0.687421308,0.724572415,0.535735932,23.71144555,11.22240234,0.965915116,0.231744294,0.001582235,2.764029782,0.092959014,0.361216059,4725.422927
10.49825683,0.705572491,0.793586165,0.508375344,22.58742197,8.898211341,0.903634026,0.549743259,0.000310527,0.457198485,0.00407631,0.637302157,5318.841436
7.482621729,0.809419152,0.832876241,0.517464901,24.15493732,9.046474324,0.879425343,0.258763595,0.119725508,1.36724497,0.037897515,0.070696608,4826.088086
2.246682845,0.530753537,0.832135722,0.446703469,18.99596814,10.90459564,0.895538292,0.00010133,0.286443652,2.596441138,0.057642635,0.361540188,3888.254336
10.34281487,0.852955032,0.842192075,0.461110316,22.36298378,11.36479596,0.898121468,0.534254635,0.233952418,1.365714152,0.002989347,0.534799466,6065.99514
4.688481431,0.68419921,0.961371127,0.414707323,22.11800248,11.4417282,0.813439935,0.063260306,0.00249665,1.764030013,0.001300885,0.996224493,5356.234065
12.36796215,0.657311893,0.84535343,0.575177662,21.43102786,11.0192614,0.974746911,0.728043127,0.018222745,2.74418571,0.079163725,0.474533563,5489.52656
5.402878829,0.598789562,0.775584336,0.437290022,17.24270095,13.93340372,0.902066282,0.102373661,0.102435527,2.421546084,0.025153915,0.816056757,4812.049913
17.74967203,0.534514333,0.896408717,0.557314297,15.51010879,13.15015587,0.922150107,0.999891199,0.27385506,2.266818396,0.111997173,0.432067285,5397.717071
6.083733538,0.782317058,0.918947049,0.413081206,21.59125291,11.17120771,0.947577489,0.147205749,0.067760981,1.660877721,0.09981724,0.796390723,5506.191802
8.389692419,0.707331797,0.677239218,0.505076877,25.53154748,11.5225807,0.848941877,0.341738623,0.000537552,2.370061115,0.001951407,0.595414802,4670.029643
14.06758609,0.57100391,0.859740007,0.643802107,13.72818389,7.880382673,0.923673595,0.863353903,0.166399912,1.87626732,0.101846013,0.886595442,6211.091838
3.845678418,0.570492123,0.870117274,0.385080138,12.92104341,11.37572857,0.886617945,0.028611331,0.167722903,2.45780561,0.086008265,0.410942552,4163.47436
11.13729967,0.66642153,0.77024365,0.51258397,20.0729859,14.16379714,0.942338539,0.612751807,0.011275136,1.503067975,0.025184175,0.60430442,5078.981835
16.53571377,0.866902153,0.937570681,0.635968165,22.68163924,10.30211394,0.793638629,0.982722134,0.278563285,1.817431026,0.405214784,0.630018681,6673.98809
1.962583827,0.674040865,0.784994441,0.415643769,20.2173088,7.875645219,0.895045285,0.000336445,0.006738767,1.010042207,0.01839942,0.417382942,4584.296073
10.92316929,0.549685705,0.812557645,0.531850283,18.59912176,8.510332539,0.869858967,0.591793314,0.225943874,1.96499239,0.006232193,0.144312044,4601.486034
11.29941397,0.675425694,0.782692818,0.459874463,18.85017751,7.281037616,0.921613148,0.628483642,0.006038965,1.188999136,0.021790228,0.093559407,4476.385723
13.90911436,0.672727643,0.801557905,0.560506498,24.80543668,8.125918849,0.923502209,0.852287077,0.007437815,0.88595355,0.002880421,0.016671551,5158.41504
3.815246446,0.430311336,0.690372491,0.428795251,10.35150611,8.453015511,0.864618705,0.027605397,0.3,2.258661148,0.093027161,0.873534264,4411.628943
3.397716935,0.694570513,0.655994912,0.483263669,17.01881811,5.762608624,0.864391307,0.01558584,0.000294793,2.212739776,0.203807643,0.236474912,4311.697006
12.60970783,0.676906547,0.959450506,0.585466381,19.29220654,10.99418704,0.894466732,0.749282064,0.005333076,2.782873735,0.001141489,0.211506749,5432.753698
11.48492337,0.769620636,0.715303865,0.644327416,15.29314871,11.65728841,0.855167889,0.646319108,0.04847033,1.56887443,0.045779521,0.7360354,6077.268783
11.25246425,0.884895609,0.700860765,0.541506301,22.15794373,7.226549758,0.942099185,0.623940729,0.3,2.408052847,0.01884529,0.320016113,5947.538243
11.73224105,0.812656503,0.584660989,0.533612226,27.50499312,12.35424735,0.88153964,0.669779598,0.126914877,2.550797572,0.317458899,0.506044692,5406.165967
6.599876392,0.673111131,0.736103825,0.475717979,19.66976967,10.84252396,0.754650589,0.185593877,0.007230113,2.444773808,0.037948823,0.162511065,4568.940257
11.16126849,0.589347409,0.667691021,0.49395437,19.14766431,11.67953953,0.881258897,0.615085646,0.122439959,1.174346317,0.068095408,0.959745721,5337.90123
11.46536237,0.95733598,0.964201516,0.531577816,19.44946303,9.406406167,0.848072809,0.644447525,0.3,2.149363482,0.210709742,0.8515814,6818.996619
6.42824291,0.705921843,0.900981709,0.449512359,17.93156272,12.6567508,0.818436209,0.172436231,0.000350682,2.364140296,0.094062694,0.863789623,5053.966278
19.32887256,0.701392929,0.731184965,0.601711774,18.70770661,6.966468432,0.838128668,0.978404242,1.94E-05,2.007178467,0.164626977,0.406773749,5548.678196
12.3691646,0.697587491,1,0.589571523,18.85180953,13.48805549,0.905470424,0.728150131,5.82E-05,0,0.000805873,0.762361214,5807.738032
4.043482514,0.719808476,0.898176549,0.390107697,24.78288042,11.00147371,0.966432041,0.035573682,0.003923757,2.160489624,0.180755827,0.143876155,4736.71366
13.28276804,0.685563959,0.767516862,0.589821608,21.73537809,11.1329041,0.915659224,0.805195297,0.002083993,4.212531039,0.02406097,0.008619003,5124.15899
5.126591649,0.642633799,0.550059429,0.51712167,15.24940414,5.678929518,0.869674831,0.086238395,0.03290881,1.639960731,0.240406095,0.019972933,3505.558654
13.93542302,0.645314106,1,0.533450804,20.04247831,9.226397922,0.92279521,0.854149134,0.02990547,1.271922902,0.290242181,0.586601737,5855.264177
15.7929779,0.696724673,0.661042753,0.451837034,21.69464621,10.59960424,0.877045484,0.958120682,0.000107278,2.37334856,0.123664977,0.455394905,5469.787493
5.896588408,0.645657523,0.635460125,0.428574785,23.17538448,6.736725542,0.865269982,0.134194424,0.029531048,2.31237821,0.437189375,0.518015349,4564.863104
14.81688065,0.628715422,0.902257043,0.613018534,24.46262373,11.72523736,0.842281867,0.910561587,0.050814911,3.192735165,0.054257817,0.00746314,5255.92778
12.06390463,0.710643023,1,0.519495643,16.60681567,8.182720708,0.81240856,0.700579115,0.001132739,0.742131844,0.294380378,0.42268662,5676.024484
14.1103008,0.674502278,0.938427282,0.491137896,16.77953288,12.8661818,0.880503815,0.866274881,0.006501338,2.731380253,0.072630591,0.718068161,5872.991628
19.48396491,0.850399299,0.856390912,0.569600903,17.85446698,7.380289517,0.907902674,0.973666007,0.226199491,2.590422061,0.093068101,0.442693702,6213.770762
8.77305942,0.434903019,0.859475434,0.529761596,15.20447578,11.68237246,0.895168816,0.378533584,0.3,1.857853463,0.044070606,0.732219206,4656.723826
6.231319178,0.809150685,0.885341556,0.48964987,23.26951459,12.01356358,0.879201654,0.157816147,0.119138721,2.338687318,0.12508592,0.233018964,4910.260816
5.552427852,0.824608519,0.875892859,0.443577674,25.3247986,8.78310479,0.852712697,0.111616984,0.155272831,3.029457482,0.18459554,0.813142004,5772.176145
5.920948575,0.492660977,0.828119142,0.440868265,16.62408607,11.56557862,0.93041231,0.135859446,0.3,2.87231538,0.027456695,0.58843124,4550.602724
9.614491453,0.665731241,0.81042011,0.476557007,18.36650228,10.68758209,0.834143404,0.461487329,0.011743479,0.856980688,0.005848554,0.210763099,4642.617648
11.70575987,0.662855913,0.793740687,0.47093709,19.97399167,8.669223668,0.938801396,0.66728645,0.013796832,2.820158187,0.003912661,0.236720476,4817.836197
11.383454,0.559248831,0.724603541,0.594603324,14.9657323,7.127090005,0.849889149,0.636586908,0.198108917,1.935311395,0.007638592,0.628030465,4973.211702
14.13591625,0.622218331,0.771932492,0.525243139,26.14666049,5.121293294,0.862378238,0.868013745,0.06049988,2.072874098,0.037012311,0.829939593,5761.700388
10.06500946,0.588942415,0.630704319,0.561508021,12.70732264,9.823386025,0.82666074,0.506500763,0.123337871,2.073196991,0.000628651,0.415627782,4502.456635
17.26767039,0.875227044,0.790166037,0.648742506,23.27499769,6.185469573,0.874929893,0.996566328,0.3,1.849757011,0.01731284,0.258300429,5830.61315
8.676715834,0.793567839,0.701140889,0.536682703,28.48613936,9.635671414,0.948765623,0.369210967,0.087549406,3.191707497,0.153108133,0.867011607,5827.890713
23.60084583,0.827155509,0.689641068,0.614427443,21.9311321,8.705570691,0.925781404,0.704529905,0.161685236,1.91628204,0.262355218,0.669268292,6258.764669
13.12833674,0.772167206,0.817989415,0.551469872,20.41737147,11.73787915,0.948921106,0.792819169,0.052081057,0.880453872,0.016262719,0.448085487,5630.767714
5.714212218,0.587094823,0.939200229,0.455932342,17.05536336,10.11029217,0.926107127,0.122007506,0.12747579,1.606470144,0.190199144,0.487900195,5099.872379
4.64553751,0.647547973,0.891831661,0.401270282,18.58184871,9.760315276,0.844816509,0.061185668,0.027512151,2.178694717,0.176064455,0.204256468,4416.302163
12.41236208,0.748937456,0.64294994,0.540341585,25.5390315,10.81418933,0.883460539,0.731985391,0.023948746,3.229214784,0.01608746,0.62680263,5467.244171
8.882686073,0.577787219,0.701037186,0.429874871,10.4252916,10.21036239,0.860990044,0.389196184,0.149359638,2.603094685,0.069493801,0.358742511,4214.433848
13.57000247,0.771299843,0.894077119,0.595083994,26.4365156,11.32323701,0.966528745,0.827431185,0.050836676,1.149464721,0.100989557,0.995645177,6403.037215
12.36618812,0.67596746,0.701751261,0.500431016,14.65566187,10.53674978,0.840160568,0.727885235,0.00577563,4.485189917,0.277288735,0.480183515,5294.134185
9.635855437,0.662517919,0.777536685,0.506416537,18.50448564,6.179847014,0.944684884,0.463617726,0.014049064,2.264775311,0.017720688,0.485885606,4705.669695
5.76603141,0.771095997,0.85500521,0.471824708,19.56408448,12.14632409,0.944647694,0.125419772,0.050546408,3.275390738,0.069494629,0.565851787,5241.409111
2.425763877,0.744426331,0.703165555,0.41131239,22.72633141,10.88891843,0.99148101,0.000782371,0.019736989,1.848285566,0.152801873,0.916756003,5102.750178
7.76742524,0.663903383,0.810537551,0.507008942,13.86511552,7.623185795,0.87951567,0.284087601,0.013029657,2.533359245,0.000534424,0.8008181,5144.792227
14.28199397,0.81593298,0.666597451,0.519074757,23.35659904,8.613791566,0.935616108,0.877744046,0.134404559,2.839468505,0.149404133,0.45113007,5851.541346
11.07046872,0.591893667,0.739863236,0.554269552,25.46348869,9.544841923,1,0.606230975,0.116869792,3.218194712,0.090096271,0.718699266,5365.288568
3.771306106,0.761593561,0.831978193,0.370414077,16.15279439,9.869076878,0.869117916,0.026183825,0.037937667,3.057368305,0.117428111,0.586235499,5159.028973
10.86590463,0.759310126,0.640700627,0.514978025,21.55362347,9.84546768,0.823247988,0.58615828,0.03517691,2.872197,0.35264882,0.492367049,5108.071674
11.9265869,0.669045356,0.844047474,0.616212319,17.21874272,13.69956512,0.805999498,0.687926632,0.0095819,1.684913269,0.004869924,0.192315773,5053.747125
5.580712819,0.732613302,0.79803622,0.405790562,21.97980476,12.58445747,0.935635601,0.113404546,0.010636275,1.428253958,0.000419155,0.463936263,4797.246788
10.76862553,0.574888642,0.855248995,0.473799007,18.19034686,7.182167908,0.80584249,0.576560182,0.156528518,2.33260751,0.078007323,0.245818587,4539.6561
10.29104359,0.792402702,0.822391413,0.528605828,19.14083635,11.62731646,0.881384047,0.529087927,0.085382593,2.933128072,0.066041764,0.91484215,6093.463521
4.285148511,0.681509786,0.936414043,0.451830574,21.43019979,14.00792422,0.921865659,0.045065067,0.00341888,1.777279299,0.078000307,0.335406813,5138.520205
11.7889368,0.647727698,0.81252245,0.535420873,25.53113385,11.00347515,0.909258777,0.675101285,0.027323936,3.065171966,0.00753156,0.952264015,5699.497423
12.80392263,0.804900923,0.757059446,0.552498583,20.90535057,12.3607097,0.921272243,0.765925364,0.110042036,3.452616745,0.022733755,0.53305529,5814.20978
15.41525622,0.629565631,0.81222975,0.585888636,21.46263726,14.90282757,0.911114493,0.941695918,0.049610003,1.083679081,0.001192543,0.631544379,5630.988138
15.26901026,0.55915387,0.854329803,0.608175095,13.3608527,12.78288173,0.963943291,0.934654371,0.198376322,1.163079296,0.004566873,0.542940444,5360.375727
3.11165316,0.544337083,0.804886007,0.451607464,14.31752892,10.62765667,0.852384181,0.009295559,0.242309438,1.859624941,0.006191226,0.129380617,3631.392526
5.3108748,0.760600995,0.804059169,0.441045865,22.5624369,12.53256735,0.866150243,0.096863287,0.036724806,2.307612668,0.00634911,0.375821219,4665.397949
12.57517634,0.571957065,0.729800831,0.559380448,23.27376207,9.926535787,0.861367028,0.746282771,0.163949933,1.475432986,0.070837924,0.099146112,4425.717482
12.56892975,0.875479418,0.733709908,0.620683394,23.87683799,9.659626753,0.941509591,0.745738954,0.3,3.352202679,0.155174546,0.622954044,6472.081988
12.57523843,0.491807059,0.659739473,0.519120697,15.78140278,8.315042671,0.945019929,0.746288175,0.3,2.424066862,0.047941634,0.446874195,4707.15802
29.26365745,0.869645637,0.974957674,0.643910109,22.54220447,14.80193811,0.922561266,0.173651501,0.287796421,2.039447048,0.477053159,0.777984972,7015.195479
12.85445255,0.721101747,0.675613676,0.583898559,15.94009913,7.289453261,0.959174683,0.770190778,0.004452837,0.564090476,0.039125697,0.220470481,5165.594313
15.6778282,0.690328689,0.73070948,0.550759224,21.97073397,13.26193942,0.841097957,0.953386402,0.000935343,0.684184184,0.041402325,0.164566058,4918.264605
14.77000882,0.645508091,0.728159273,0.439066611,22.27078709,10.76862954,0.983361206,0.907868372,0.029693681,2.28100925,0.125853857,0.406332231,5075.537092
13.25695626,0.739913611,0.889492438,0.574940646,19.01638801,7.178619807,0.976161931,0.803146686,0.015930964,0,0.108101989,0.926585383,6177.475512
8.423653777,0.69623653,0.770505032,0.457470128,18.29840043,10.7053885,0.9367811,0.344963772,0.000141637,3.01263741,0.007957087,0.710421815,5311.908274
13.7948461,0.810330188,0.924774207,0.533421797,22.58552663,5.708581625,0.989089945,0.844086967,0.121727504,1.841846156,0.164365767,0.418923625,6083.988139
6.135873927,0.711422765,0.732650938,0.477957756,18.6428224,11.09712487,0.81716884,0.150919645,0.001304796,5.24309297,0.07299441,0.51727217,4821.379248
8.815906966,0.715030176,0.827899416,0.497684054,19.99398849,12.29195206,0.873777593,0.38269439,0.002259062,4.307916251,0.02004809,0.084213011,4732.977286
7.573182261,0.663638779,0.716465295,0.511204413,26.80360794,8.077137474,0.863234827,0.266735025,0.013221384,1.818550931,0.013441147,0.984575896,5295.71619
10.4093707,0.694305438,1,0.482319388,19.04999161,11.58360395,0.936073966,0.540891349,0.00032428,1.893662997,0.369392246,0.666407305,5826.49793
21.57329283,0.730780177,0.681240158,0.641388218,19.20751212,13.97741879,0.847492963,0.867929398,0.009474193,2.995581514,0.009179855,0.285404068,5310.625139
1,0.528983161,0.830982071,0.393659406,15.16835109,8.972100336,0.937874757,0.021812974,0.292467593,3.70317261,0.031678883,0.585808394,4385.883364
13.43130095,0.565181458,0.863377688,0.571253534,20.58239377,7.83888792,0.968526807,0.816824212,0.181760393,0.361970943,0.043141186,0.109482366,4760.02045
1.936420644,0.774326409,0.84137991,0.450132581,20.48061153,13.80427162,0.934760145,0.000439248,0.055244151,0.213624535,0.017967288,0.965836669,5363.497867
7.640340671,0.717086544,0.781471234,0.429631472,17.98349252,14.59903666,0.914187551,0.272696085,0.0029195,1.377965194,0.034191776,0.174784988,4505.529494
15.44475298,0.681601666,0.78701793,0.608746636,24.34858911,9.930977193,0.850606333,0.943070546,0.003384987,2.582737583,0.020886239,0.648030318,6142.54474
10.3214001,0.701843393,0.804381147,0.476415829,24.99626142,12.45379817,0.857657452,0.532117881,3.40E-05,2.496873591,0.008469186,0.245454463,4897.268737
4.61127611,0.734758171,0.7852998,0.486515651,18.41989008,13.131341,0.962480945,0.059553693,0.012081304,3.069771455,0.009673308,0.717561383,4828.888212
6.423481454,0.646024032,0.896387912,0.48259918,12.65747065,8.796365312,0.93896745,0.172076642,0.029134051,0.800302472,0.042287517,0.776821367,5095.461338
13.39798874,0.622169527,1,0.625889071,22.35884083,10.1615798,0.898049024,0.814240097,0.060575825,0,0.152117987,0.673419729,5970.056837
6.348166841,0.719584526,0.744250821,0.452308369,17.89756349,12.61960376,0.879104523,0.166428603,0.003835536,2.858014195,0.12829269,0.61449946,5227.058906
11.08229295,0.602162722,0.663019702,0.49335709,21.29963043,13.22215248,0.798709606,0.607386104,0.095721329,1.171803727,0.215337347,0.892469094,5160.928568
10.2278592,0.740825276,0.791171795,0.501307612,13.71701577,11.29794484,0.846457379,0.522778034,0.016667031,0,0.004990459,0.078626711,4477.099479
6.741998262,0.52974164,1,0.452260993,20.57021528,9.436271154,0.995570954,0.196770179,0.289879093,2.145063746,0.037951933,0.330914766,4880.221248
20.71972045,0.802915564,0.719632543,0.6471943,17.3046317,14.28674193,0.835977221,0.920099087,0.105916133,2.793175688,0.046686242,0.24828748,5509.337303
13.16959511,0.747259748,0.963911681,0.450880421,23.26657064,9.709139929,0.909473991,0.796153452,0.022334838,1.877942868,0.089420483,0.988013962,6166.202066
1,0.725602973,0.967770081,0.34605875,20.43400034,10.20228981,0.950372199,0.050725935,0.006555122,1.542151614,0.098993607,0.38938978,4709.242001
10.93227157,0.798269098,0.744641176,0.45593257,18.13524851,10.48945786,0.837253867,0.592687919,0.096568157,1.840637768,0.008904355,0.732612699,5546.547297
6.691067676,0.866547444,0.856898308,0.514426056,21.07358457,14.07137486,0.909235524,0.192736417,0.277380513,1.629417238,0.045034385,0.684725164,5872.96967
14.26216667,0.801437007,0.962839662,0.628152335,23.9236697,13.02658032,0.946895777,0.87644207,0.102894663,0.651952888,0.126070902,0.212081237,5817.15524
6.037396308,0.515912577,0.762087226,0.455151502,17.60931924,10.76820056,0.900624966,0.143937388,0.3,1.285319323,0.099878114,0.23899768,4138.610406
9.426317793,0.572042303,0.779641964,0.485822092,20.12607998,10.98974426,1,0.442757567,0.163731721,2.521279905,0.015824936,0.281284564,4638.987965
12.52493639,0.637518142,0.741831909,0.528751972,25.98031418,9.755426656,0.816570037,0.741898154,0.039039826,2.321678541,0.004938764,0.411127278,5050.721093
14.32877597,0.702609105,0.698524327,0.601381675,14.56429093,10.7306808,0.952936426,0.880792448,6.81E-05,2.168059806,0.158753009,0.234325066,5230.940328
3.998517965,0.751765902,0.735072245,0.393617523,26.43673254,3.539489286,0.891359913,0.033926775,0.026797086,1.004851518,0.076295665,0.019651483,4263.487994
8.327493821,0.627425619,0.677605973,0.495193387,19.27663006,8.553777938,0.938596008,0.335850955,0.052670408,1.818496838,0.229809407,0.879393057,5288.637379
7.625273444,0.718676676,0.803408347,0.525012616,17.13440598,10.59962272,0.922065358,0.271355094,0.003488182,0,0.001058805,0.965609831,5525.586525
6.733353837,0.624461707,0.723002677,0.492388247,14.21082791,6.775582261,0.86334219,0.196083302,0.057060337,2.178476664,0.118798701,0.341570387,4503.086153
18.8272712,0.63884822,0.823378591,0.597751793,18.42080193,11.06744751,0.91144982,0.990556949,0.037395402,3.428857708,0.052799162,0.338506879,5242.117796
12.02490855,0.55933389,0.644410435,0.57030139,21.11578375,8.575731682,0.807104927,0.697000975,0.197869544,0.525867868,0.054061766,0.007091813,4343.36441
3.695580228,0.607676675,0.833088023,0.301794188,18.16872821,14.41166982,0.930162375,0.023819851,0.085235963,1.414072327,0.00613917,0.680250688,4642.973682
14.58930974,0.564831539,0.883352896,0.579786863,23.26151535,14.27536472,0.914907923,0.897152263,0.182705127,2.329106779,0.094066278,0.825439896,5959.325511
20.61078099,0.602412675,0.600626436,0.573404026,13.45707521,7.685825249,0.931933008,0.925906474,0.095232861,3.252842634,0.464877431,0.1466083,4974.82528
15.1623263,0.80536418,0.837405657,0.460091618,21.53815138,9.862423434,0.952905916,0.929282773,0.111016104,1.551775384,0.002212915,0.159666349,5402.339496
2.40315017,0.605060111,0.922766899,0.449591632,14.19252461,10.55912724,0.918380992,0.000661022,0.090135825,1.307749671,0.157819543,0.79008325,4831.307345
7.578829636,0.963238206,0.679035898,0.544471224,25.22128469,8.190232646,0.907404471,0.267234687,0.3,0.031076858,0.066676543,0.616290748,5843.992793
16.33455575,0.74933179,0.967257239,0.556473132,23.84408272,11.47160339,0.855946583,0.977090567,0.024336255,2.103438129,0.072062614,0.044860558,5753.676295
6.461652672,0.718483612,0.841901901,0.512260254,18.80458791,8.43153444,0.864388962,0.174967693,0.003416439,4.04207604,0.030036387,0.62254699,5031.456601
12.21909714,0.614164222,0.729498814,0.602804884,9.597714832,6.863516083,0.959336731,0.714695992,0.073677808,2.277358462,0.024824412,0.308917723,5053.655102
13.87317027,0.770030988,0.794423092,0.604477425,21.74678333,11.46104549,0.97181677,0.849727294,0.049043393,1.977721021,0.000630946,0.368725155,5648.526921
5.365347642,0.642436217,0.855832691,0.535651703,20.66512819,11.84586715,0.888094478,0.100109451,0.033135891,2.322082311,0.003947461,0.769731418,5033.473989
9.70237322,0.712200981,0.807600539,0.534130107,21.59804636,8.115245412,0.902300137,0.470254895,0.001488639,1.988907996,0.002632216,0.810935193,5448.897922
1,0.956008454,0.853875599,0.341708315,28.16536448,12.47210663,0.854769281,0.549754862,0.3,1.186985628,0.133705901,0.400356627,5703.995641
4.878061793,0.69039401,0.707932641,0.368682327,16.10722227,7.931809294,0.958637842,0.072801923,0.00092275,2.823279916,0.121174112,0.947152936,5030.605603
8.737159243,0.814927333,0.816936082,0.475068468,24.10466636,10.70921307,0.933270841,0.375054273,0.132082918,2.225761523,0.005290736,0.406462718,5712.435137
3.76108409,0.629682357,0.65862855,0.395448511,23.11901166,11.12059693,0.997060872,0.025858362,0.049445708,2.017613252,0.106625596,0.771836035,4478.257043
18.16205652,0.696501151,0.788877394,0.690167701,13.72246072,9.852594208,0.856083846,0.999051199,0.000122419,1.024633973,0.021392201,0.483877265,5797.999366
2.84929311,0.877080064,0.709609236,0.41969864,23.77498234,10.5490336,0.881099605,0.004937805,0.3,3.303507932,0.309649215,0.897532327,5522.358073
7.799777567,0.637303294,0.726447006,0.484158016,17.29492,8.319250889,0.911572296,0.287010143,0.039308769,2.664702745,0.114837424,0.907761244,4992.144741
10.65370289,0.881244856,0.923609318,0.534111298,22.43334348,10.2701361,0.932324477,0.565184218,0.3,1.447079163,0.131044487,0.087416808,5670.082675
17.20636645,0.770775194,0.909131012,0.574243787,22.2784956,10.16072344,0.889216618,0.995811806,0.05009128,3.001824854,0.142867413,0.936493331,6572.120437
2.820689244,0.643753322,0.860913812,0.512959444,17.45099986,8.573694841,0.856351945,0.004544906,0.031636887,1.502429162,0.119366307,0.825534842,5471.05628
15.81581876,0.763240774,0.690768724,0.52702572,18.58363333,8.92035435,0.944070376,0.959030965,0.039993955,1.217996507,0.021344912,0.791310714,5837.681236
10.05116531,0.797255445,0.768359155,0.510242026,21.57836514,6.093471013,0.936056768,0.505116441,0.094586216,1.240296883,0.033839987,0.20091134,4901.797141
5.092456745,0.762180996,0.92130977,0.413801038,17.12735416,9.549089627,0.854186295,0.084331611,0.038664763,0.228931447,0.364330517,0.805119209,5511.951043
12.31051737,0.542977528,0.814171691,0.457104048,13.84427497,9.401328964,0.96777214,0.722915973,0.246560567,2.47154238,0.005113469,0.850132735,5014.689373
10.99529848,0.627286282,1,0.47936453,21.28710073,10.77676632,0.958509935,0.598873841,0.052872847,0.168855122,0.092628893,0.289150334,5164.407517
6.998915614,0.675248136,0.839331784,0.468137316,15.60794292,9.656396834,0.906714825,0.217589272,0.006126547,0.771556169,0.061625227,0.952260078,5310.272374
10.34901042,0.692556657,0.819204912,0.482024993,22.22044361,9.96699539,0.903979893,0.534872708,0.000554034,0,3.22E-05,0.049860146,4818.293159
8.073432016,0.76206721,0.769088354,0.446113271,22.55007767,10.96518976,0.927702889,0.31207512,0.038523385,1.913930307,0.000659746,0.149909253,4888.738032
10.56758673,0.7177701,0.81335409,0.435359994,14.22622795,12.17896552,0.856914846,0.556636851,0.003157765,1.84967954,0.029468675,0.537581138,5092.430116
13.31065337,0.566465564,0.784753016,0.528951255,15.62550718,8.349081554,0.901501574,0.807399338,0.178314456,1.673303787,0.012956166,0.575792471,5158.444128
17.93008408,0.738019785,0.870810868,0.504064822,24.74967969,7.537183153,0.792380823,0.999942085,0.014455041,0.957422305,0.194404005,0.645150083,5879.742165
3.810922506,0.761058575,0.895670232,0.476112023,17.48179926,8.073114801,0.943822782,0.027463887,0.037281495,0.827766247,0.025325244,0.016969129,4314.788914
20.66516687,0.755979045,0.721401054,0.610773656,19.21427075,8.359119313,0.821925339,0.923032352,0.031336535,2.464369864,0.106418307,0.960366775,6319.693658
1,0.808078073,0.666876705,0.329518035,23.23838421,8.356649065,0.975170991,0.035907586,0.116808698,1.449448068,0.232812921,0.044588093,4060.926568
9.241074525,0.783392215,0.616379463,0.476950291,23.99275001,7.050286217,0.883493995,0.424398528,0.069542616,2.316358322,0.111901724,0.143061953,4632.854835
12.94158603,0.745918008,0.850799133,0.49180804,19.80838402,7.194114802,0.889416651,0.777480967,0.021084635,1.114751314,0.039318823,0.014014518,4875.694829
11.40495934,0.692983429,0.689663339,0.530008319,17.80346575,8.24329005,0.868613305,0.638654376,0.000492323,2.181062743,0.197516181,0.566858433,5304.097754
6.886502401,0.533903907,0.584710941,0.535887546,22.48685312,9.143689533,0.885598056,0.208384939,0.275879122,3.303278037,0.003679998,0.932266884,5070.775348
8.959388748,0.742961822,0.83885786,0.395835264,26.73057615,11.66121788,0.970926567,0.396688482,0.018457181,2.5861658,0.011676248,0.665947166,5141.680348
7.534995327,0.720768769,1,0.481101257,23.73753471,10.15798438,0.775609567,0.263364206,0.004313418,1.587586182,0.230181202,0.822657468,5338.805019
7.053176215,0.727157884,0.799392909,0.462525122,20.70598175,9.00516268,0.963848269,0.222083469,0.007375506,2.25719897,0.001258756,0.013281203,4451.565627
14.24801049,0.572325142,0.883849077,0.576047109,15.25594711,8.279018523,0.916901174,0.875508868,0.163008693,1.759334825,0.053758485,0.542015298,5444.614606
11.78507743,0.591894346,0.808182936,0.528510606,15.47185977,9.973643606,0.839648918,0.674739736,0.116868324,2.007880185,0.012795032,0.459562978,5040.14058
6.535452024,0.805315285,0.790111035,0.427756054,23.40852865,7.904437486,0.84623438,0.180610751,0.110913093,1.674388948,0.021954269,0.498967944,4998.532803
14.49799938,0.696044485,0.891907648,0.529027297,21.40506104,11.92695264,0.983819651,0.891539063,0.000156461,1.835664794,0.014290674,0.072213185,5209.964108
11.5364976,0.76815007,0.770972546,0.475563683,25.92784612,5.539755693,0.852724656,0.651242885,0.04644432,2.212093353,0.012585354,0.684435361,5606.362285
14.06431059,0.702831838,0.826739231,0.594443463,22.31905289,9.297324175,0.842332474,0.863128816,8.02E-05,1.0066413,0.004593604,0.503220415,5716.87073
13.14814421,0.702975614,0.832169781,0.532547025,14.78385315,10.9156763,0.956865727,0.794422406,8.85E-05,0.984121173,0.005240284,0.76514885,5382.122954
5.855024945,0.793828381,0.733190955,0.553609784,25.08924237,10.04034857,0.916927644,0.131373622,0.08803765,0.611457446,0.083684582,0.485290634,5027.963123
7.199094799,0.648395527,0.899204235,0.468957907,15.73272071,17.0585062,0.853103721,0.234330212,0.026630216,0.399728895,0.191047361,0.149381636,4660.964232
13.73646803,0.709612078,0.782504024,0.501944342,18.80028171,10.7345442,0.910831249,0.839828014,0.00092392,0.782717308,0.003968581,0.648256954,5387.302814
13.05185133,0.653772471,0.724425484,0.454832794,20.18228779,7.136821872,0.848712366,0.786585454,0.021369844,2.159462507,0.099289662,0.172386362,5070.311773
9.89549203,0.656550377,0.853650984,0.408797936,26.33309187,10.09279171,0.95504107,0.489549964,0.018878697,1.107212485,0.071263067,0.872394563,5352.457942
10.58663692,0.669082788,0.710153202,0.426659572,30.42095676,5.197928011,0.953068548,0.558529193,0.00955874,2.513614464,0.133022205,0.613116239,5118.611846
16.38832448,0.722213377,0.802818116,0.577239577,22.45673136,9.823469296,0.92660031,0.97867187,0.004934341,2.034713749,0.001825124,0.157203884,5468.141532
7.042143056,0.652125138,0.7990881,0.495857682,18.6406889,7.995194065,0.918083053,0.221166967,0.022920024,0.031495787,0.000128016,0.962338057,5112.530015
12.73548691,0.825575613,0.908589557,0.448295334,23.75440396,12.848474,0.988059406,0.760105238,0.157692345,2.654975584,0.03802541,0.518365463,5643.136698
8.989036738,0.61053927,0.847469823,0.534642283,21.76488304,8.965922281,0.899984316,0.399591102,0.080032223,2.810798646,0.031651631,0.072898452,4489.285126
8.911593984,0.681312836,0.797497304,0.464962887,18.59735584,9.704745627,0.840906294,0.392016935,0.003492101,1.006137325,0.000433773,0.626832904,5203.672983
15.49388426,0.656026894,0.88177663,0.562278493,25.62364316,8.96532096,0.922473696,0.945325939,0.01933634,2.420191543,0.052903803,0.253198907,5352.920562
14.12708174,0.844697788,0.939020755,0.621881849,22.97571448,15.00736777,1,0.867415118,0.2093745,1.143501763,0.183524357,0.803693452,6557.276942
14.06754818,0.719655478,0.855781031,0.585517448,22.03693298,9.563703545,0.849262025,0.863351299,0.003863378,2.097670377,0.066766807,0.817822074,6136.142123
16.52739404,0.803184454,0.801035262,0.551847408,23.87850169,14.40434848,0.881926862,0.982504645,0.106470315,0.735501593,0.000927771,0.978947356,6364.582944
10.10501921,0.551443963,0.668816377,0.456490581,19.24721258,11.16686249,0.920822302,0.510501149,0.220688962,0.206893547,0.134716182,0.501869531,4604.12143
13.40976486,0.726705027,0.693488634,0.426506878,23.33686715,10.51789195,0.897304758,0.815155201,0.007131584,1.61718281,0.047455407,0.45495688,5235.128855
8.448666217,0.78896308,0.76947753,0.448528996,19.17406004,10.70182473,0.850884821,0.347343667,0.079144295,1.876271054,0.024956461,0.753475605,5532.422873
11.62083176,0.708228399,0.73904878,0.505651806,18.16936985,10.57940619,0.956092893,0.659259334,0.000677065,1.602320306,0.029174912,0.132470656,5253.152068
9.349284728,0.806548038,0.78130287,0.444133871,17.74768075,5.261403028,1,0.435112006,0.113524843,0.815969442,0.008725869,0.546915514,5502.368935
10.48497982,0.648271155,0.805664992,0.49828695,20.76232163,9.364669809,0.909806573,0.548421972,0.026758734,1.600100938,0.000436897,0.5462476,5294.78017
12.97578513,0.840934744,0.852969275,0.533600445,24.84029892,12.34619478,0.854796586,0.780319394,0.198626021,2.269294753,0.025843299,0.089473123,5446.541707
5.908896584,0.929889812,0.792950122,0.447846167,25.05055222,9.840347493,0.822551974,0.135034607,0.3,1.95510697,0.002834489,0.417984086,5207.065389
20.46193638,0.663716144,0.848650164,0.572119235,25.31646568,6.919445354,0.912898799,0.933513785,0.013165182,2.182501031,0.049414368,0.853284799,6119.624693
4.969913093,0.655449748,0.806447441,0.458131865,19.31216015,9.912913968,0.955193867,0.077646532,0.01984725,1.3298848,0.011402536,0.856153622,5021.366608
3.929056936,0.845338448,0.602453343,0.461387602,24.52067251,12.9045733,0.923758387,0.031456774,0.211232644,3.171717915,0.035140729,0.099237665,4331.813619
15.79055437,0.857957215,0.706066461,0.50338559,18.54840515,12.42893888,0.899879808,0.958023535,0.249504816,0.823826663,0.052844749,0.090720883,5485.267202
13.95831347,0.647713997,0.785591244,0.610129754,17.860861,9.764737844,0.870536417,0.855761285,0.027338261,2.487560297,0.024382435,0.262695477,5209.143283
13.12059909,0.657981318,0.679030526,0.526276584,21.80410193,11.55766142,0.845391818,0.792191625,0.017655696,3.181891093,0.281079324,0.874766063,5686.21354
13.14172755,0.671821539,0.859992873,0.532359757,22.54918047,9.480340389,0.941737566,0.793903539,0.007940257,2.480908093,0.013591414,0.128902585,5174.329334
9.938766136,0.565554949,0.953075083,0.534798383,16.95443992,6.829158691,0.945688581,0.493876767,0.180754718,1.797475773,0.102424919,0.719996803,5444.187413
5.513728143,0.608134805,0.921876185,0.466798088,18.3714247,8.51253874,0.822713511,0.109191375,0.08439214,1.471702953,0.249961554,0.10116562,4332.601508
10.37902279,0.599585923,0.778655713,0.55144706,13.18123074,13.62286732,0.979491949,0.53786599,0.100829868,3.036087651,0.017727238,0.623137854,5047.879758
6.614191442,0.623220243,0.949072614,0.480498123,17.59870145,10.23685229,0.928703561,0.186708241,0.05895131,0.577025075,0.071217611,0.356067299,4580.567338
14.87559867,0.696531511,0.814866746,0.518134118,23.06431374,9.505078924,0.969979732,0.913884536,0.000120304,1.02987574,0.021529397,0.788913963,6146.2594
9.264713092,0.723421473,0.766291403,0.510722307,22.36453966,9.078136746,0.832893613,0.426736043,0.005485654,1.602442235,0.026718427,0.233690449,4801.786171
5.872514016,0.855050049,0.738659734,0.40153883,24.07808076,14.20188622,0.831708792,0.132557466,0.240405178,3.237653758,0.152527517,0.639201829,5326.681633
8.393070792,0.600164596,0.769753031,0.489358693,18.67667684,13.72081958,0.892551535,0.342059126,0.099671079,2.379767636,0.005500902,0.235682535,4329.656214
12.06465727,0.79843224,0.761182318,0.518985073,21.50120465,15.09216647,0.925139221,0.700648055,0.096889058,1.031954241,0.064067485,0.713660283,6318.159303
7.181377236,0.678601116,0.817041622,0.461407929,17.36789275,9.720541228,0.989818041,0.232830924,0.004579123,1.689692295,0.015014948,0.873678035,5063.587348
5.888898022,0.695053629,0.816057398,0.452462105,22.37170391,10.80584316,0.935303946,0.133670586,0.000244666,1.385676856,0.001910212,0.126801799,4360.056076
11.21843606,0.767481949,0.800304602,0.418091908,22.48563454,6.361885493,0.887865936,0.620641266,0.045538135,1.290211008,0.00013268,0.866595689,5745.323435
11.22483286,0.587727798,0.843693817,0.484812083,20.03798294,13.80680552,0.84868154,0.621261947,0.126050474,2.978889559,0.095834051,0.593575254,5296.955591
7.465284123,0.738240975,0.919064627,0.479295086,18.73249267,7.911716842,0.961500029,0.257246428,0.014623721,0.628256871,0.061695239,0.127110491,5004.448253
7.644808472,0.716645221,0.894955414,0.484440904,12.71297809,11.08999383,0.851764729,0.273094119,0.002770634,3.608780856,0.106818829,0.427541855,5354.993456
11.16024969,0.749245126,0.651510203,0.46021874,24.57871139,6.475535153,0.981423428,0.614986499,0.024250825,2.82822969,0.038512806,0.160860293,4905.451755
2.759578293,0.728916864,0.544607887,0.490881175,18.75782187,7.054366935,0.885780768,0.003759836,0.00836185,3.090861671,0.381927424,0.700347889,4533.579667
2.962681128,0.945530014,0.893431991,0.386318069,20.66323504,8.551162112,0.979529104,0.006654567,0.3,1.537060488,0.279328068,0.758868134,5838.557448
6.407778894,0.636226002,0.66331213,0.512550649,21.47056622,7.720972155,0.933946565,0.170892884,0.040671229,1.850059281,0.226743735,0.10579652,4299.03073
8.932764241,0.646900304,0.77752346,0.510687361,17.83146033,8.571246271,0.893150226,0.394084962,0.028195777,0.566848185,0.017401519,0.506139853,5224.042775
11.55453783,0.637685947,0.682988697,0.483234013,22.77506655,7.982087077,0.874030181,0.652961408,0.038830412,1.475337593,0.201881114,0.814625056,5077.956888
17.37678108,0.644452288,0.619801956,0.662533355,21.32630514,10.91881313,0.882954606,0.997724524,0.030855483,2.493654848,0.274414534,0.936163042,6144.408204
14.28829812,0.636261287,0.854146273,0.48320114,21.43641194,7.673206934,0.921415835,0.87815677,0.040626235,3.296063062,0.03295276,0.513517867,5442.910545
9.20030735,0.818901653,0.875915516,0.537960782,17.00267981,10.98479252,0.903857825,0.420371239,0.141376031,0.892843183,0.13914042,0.950279224,6219.046375
9.90491896,0.842050425,0.74234896,0.549078306,26.37256032,12.57719573,0.87030943,0.490492469,0.201783232,1.634494063,0.022206988,0.53568897,5586.715025
4.987353177,0.642925371,0.540895771,0.416342521,20.05825742,7.21370335,0.891718429,0.078582543,0.032575133,1.84870078,0.074273943,0.394190495,3929.018983
9.90743432,0.616764443,0.745375555,0.568697608,17.45899665,7.949247993,0.903928851,0.490743961,0.06928158,0.604210798,0.011390363,0.848203129,5372.502287
8.556706805,0.747141556,0.839180401,0.473064742,21.20898297,9.681823303,0.793563295,0.357666691,0.022223263,2.591349242,0.024006882,0.49298271,5239.724011
11.6135928,0.644777696,0.652108843,0.530570609,12.95484212,11.94399356,0.922908406,0.658572974,0.030495029,1.276009668,0.135196285,0.471902511,5117.078714
5.863845282,0.763293182,0.818335992,0.471654545,22.37968257,10.57587427,0.851013939,0.131970112,0.040060269,1.804609649,0.002695585,0.490312489,4967.05138
12.59673257,0.720292302,0.798469015,0.519251889,16.70158425,8.715899783,0.84233338,0.748156462,0.004117775,1.548050628,0.001265742,0.846785002,5580.908008
17.66369457,0.548425589,0.85792915,0.617177359,12.99203783,11.50887886,0.815632783,0.999637952,0.229748022,1.210661494,0.041021176,0.831941542,5549.62481
9.456199258,0.85475052,0.811958037,0.534236429,16.99300065,7.426247061,0.810305375,0.445727071,0.239477235,1.992955015,0.002007044,0.403519992,5606.333361
12.00855861,0.879587767,0.702693106,0.432658987,26.58822582,11.05142146,0.832227625,0.695497186,0.3,1.784390421,0.155417829,0.33329986,5648.899355
13.45071996,0.638721131,0.91965715,0.599724212,16.87839509,11.69860044,0.864548952,0.818324114,0.037550998,1.628142118,0.01118973,0.491928024,5332.252636
7.993897641,0.661229844,0.784147043,0.396814377,24.78649464,9.166141925,0.997662957,0.304728909,0.01503125,1.271538378,0.026898012,0.57277251,4801.780596
11.12046241,0.728586539,0.797269546,0.562831934,18.55349297,7.97101136,0.873706016,0.611110813,0.008171902,2.319524671,0.000823337,0.238337211,4975.528489
10.062962,0.733445679,0.706673204,0.556964877,14.52593233,7.312005011,0.908887505,0.506296034,0.011186134,3.653617268,0.004199651,0.793955085,5155.335994
10.48838049,0.765854427,0.755671775,0.450335483,17.07998087,11.01759226,0.920024069,0.548760429,0.043368056,2.139887233,0.025480285,0.486482766,5091.310544
6.134951081,0.901020454,0.711519729,0.440808796,27.34064748,12.41867158,0.906553259,0.150853581,0.3,2.996118215,0.048641051,0.334045548,5017.764167
10.12255087,0.682305277,0.782705394,0.445940275,19.18893554,8.366693771,0.896127827,0.51225386,0.003131032,0.609778075,0.029707144,0.106820993,4530.623505
12.48999146,0.620170276,0.971170848,0.514153863,16.8835486,12.12715318,0.840235312,0.738833957,0.063727849,2.157761439,0.008223648,0.23884516,5001.44366
17.25571804,0.562068077,0.662809886,0.557155466,18.49108495,4.16799447,0.972546377,0.996425075,0.190252153,0.902631681,0.049254325,0.949281172,5373.463043
14.79635413,0.626906996,0.63864386,0.586946568,20.65984452,7.628780608,0.990359832,0.909386577,0.053425872,0.523075072,0.176621911,0.305099687,5416.581471
20.76591229,0.696687303,0.947117033,0.67317456,23.8612054,10.80816076,0.815867065,0.917576307,0.00010974,1.260628593,0.463069961,0.168859289,6124.601601
6.163262186,0.879455786,0.779067632,0.531416812,27.7615841,7.691165593,0.84879857,0.15288571,0.3,3.191899334,0.002539962,0.460672792,5273.089946
14.36160318,0.64823887,0.733092726,0.515507631,17.96439279,7.350941057,0.886009483,0.882911643,0.026792146,2.950015829,0.100316667,0.307087743,5124.083168
10.91671003,0.722378795,0.903990469,0.498706007,15.69451503,9.021271877,0.85177311,0.591158289,0.005008105,2.243004722,0.231421602,0.03515925,5079.957849
20.94901467,0.69835771,0.739438446,0.525318237,18.52823759,10.33789322,0.925298278,0.907227626,2.70E-05,0.46729944,0.150500481,0.323145217,5675.000761
5.958508573,0.818839327,0.982600971,0.419291582,22.69357168,10.64601618,0.86358639,0.138443602,0.141227857,1.803719349,0.289385549,0.544108624,5425.049216
5.801390789,0.952693243,0.867792587,0.50625649,20.4172424,5.035000563,1,0.127771284,0.3,2.301700009,0.046274808,0.551712372,5988.391987
7.003036773,0.646913123,0.751208859,0.550809509,15.85366864,4.617572789,0.95952743,0.217929451,0.028182165,2.17553623,0.020648549,0.356558921,4505.667094
1,0.651056056,1,0.33208777,20.46909842,9.837908501,0.910628702,0.074549793,0.023955097,0.156206417,0.60204959,0.447302756,4668.622747
7.371224892,0.804416088,0.739428508,0.444089036,21.39595809,10.73501885,0.951349313,0.2490669,0.109027194,1.109682152,0.019857658,0.965517918,5710.432136
6.204336692,0.768189149,0.874209537,0.460723079,21.13762672,3.851245601,0.955295021,0.155853746,0.0464976,1.935922236,0.101415121,0.377348477,5249.252096
10.75196893,0.884670733,0.829929258,0.521527747,20.11532732,8.980223125,0.871802626,0.574913743,0.3,2.53629091,0.00760108,0.258226813,6046.828258
11.70877988,0.758392819,0.930174129,0.476607623,20.06948978,9.518049918,0.859189138,0.667571016,0.034097213,0,0.044848002,0.243467044,5109.418391
19.3808542,0.664070791,0.95615112,0.615011594,16.22624586,14.26891739,0.903907153,0.976867211,0.012909081,1.837876025,0.069252951,0.457764613,6019.744611
14.75211919,0.759065483,0.803200415,0.523829225,24.00167668,9.095150141,0.943081806,0.906830986,0.034887313,2.14304877,0.003508488,0.759520149,5889.779986
7.115481722,0.810870358,0.724658213,0.470432204,25.28642804,10.46712284,0.90695302,0.227284331,0.122922363,2.849611989,0.000632553,0.205988184,4973.379043
5.507926643,0.782048218,0.845997214,0.482393479,14.76906575,10.61500042,0.821150176,0.108829765,0.067319101,2.692857584,0.017641361,0.709296127,4992.379657
12.45959586,0.750727403,0.732228463,0.524917072,17.50762304,4.480011227,0.859858778,0.736159184,0.025732694,2.582571319,0.088905713,0.021149823,4671.437181
3.398833965,0.806667469,1,0.412169045,16.36215964,13.05172967,0.896301357,0.015613525,0.113779489,1.200059493,0.200511826,0.418932978,5090.010135
19.15729383,0.816929559,0.813653533,0.586092448,19.47885962,10.59887281,0.89621672,0.983109733,0.136725218,0.091997863,0.017732298,0.775865065,6381.105038
15.8972006,0.838215899,0.763467845,0.554553858,21.78120559,11.0006518,0.998627109,0.962196298,0.191036348,1.606947243,0.07376222,0.338732956,5794.750278
7.654121739,0.764870989,0.818468031,0.458040666,15.89930656,19.53377868,0.830700603,0.273924415,0.042082452,3.001631825,0.033735426,0.563737101,5300.723368
1.434327355,0.683288192,0.665287371,0.40140347,16.52281353,4.189853171,0.925279462,0.005056495,0.002792845,3.393454528,0.352112666,0.204979233,4310.254759
16.76936187,0.714671369,0.702838596,0.647625977,16.70621973,13.55630354,0.974455655,0.988282058,0.002152491,2.710549102,0.037861108,0.741995391,6015.360486
9.427300774,0.820650897,0.920041391,0.52231898,22.5351991,10.0303743,1,0.44285522,0.145566389,2.429340823,0.115901909,0.052279103,5603.583367
16.18908156,0.618306433,0.734310572,0.5471168,19.01730167,10.2954528,0.879780129,0.972536246,0.066738389,2.379639648,0.143242683,0.852542645,5804.763251
2.027861706,0.736867331,0.695308902,0.455126337,18.02692853,9.262624022,0.924571473,0.000139603,0.013592001,1.443881253,0.115905862,0.198196386,4070.408859
7.003124885,0.660666119,0.853665275,0.453340274,20.02886483,9.303824451,0.928488018,0.217936726,0.015471542,1.869939706,0.025359786,0.874398032,5460.760149
10.0262185,0.702874482,0.918570415,0.558918417,18.12973694,9.343823465,0.909774087,0.502621838,8.26E-05,3.669069526,0.103635177,0.352529241,5176.514843
10.23490297,0.827845186,0.871895331,0.520831139,20.96688491,11.22219295,0.89505774,0.523481657,0.163443917,1.057441994,0.028440047,0.722683574,6059.520399
7.749672643,0.719109907,0.899604769,0.472131619,26.14373092,6.956411739,0.921798769,0.282487757,0.003651885,3.614778791,0.057296637,0.319225298,5272.829858
13.11424966,0.704643655,0.724320491,0.553528343,24.7612685,11.34731295,0.773387696,0.791676148,0.000215635,1.677971846,0.111228599,0.905911671,5814.171004
4.661897853,0.564014386,0.657818933,0.368075171,13.41168146,8.148047028,0.934103475,0.061972234,0.184920872,3.325432109,0.168178116,0.126637126,3592.62691
9.288102575,0.774625357,0.950133365,0.436542652,24.02344381,8.188633777,0.906308895,0.429050539,0.055689438,0.593184991,0.079168682,0.178519789,5001.473905
10.60147816,0.764548418,0.767732016,0.446318531,23.80811421,8.726361238,0.888876255,0.560002854,0.041664983,2.585904201,0.021335725,0.493030125,5489.699958
12.57219417,0.916325472,0.774916698,0.532869096,19.22596057,12.86665831,1,0.746023196,0.3,1.263229864,0.03488104,0.081938439,5629.958744
13.55807439,0.669222177,0.932819414,0.622206494,22.4040544,9.512112276,0.866253299,0.826528791,0.009472744,0.584732808,0.005747054,0.195980185,5330.170079
4.376789541,0.721915033,0.855623001,0.555332903,25.71148721,11.19402669,0.879846201,0.048943393,0.004802687,2.218534042,0.06595318,0.943766382,5554.110845
2.329429146,0.724938368,0.845588777,0.455196847,16.4451687,8.519237602,0.999577665,0.000336357,0.006219222,3.009471789,0.118191403,0.976489661,5417.752429
16.38838411,0.857745328,1,0.588926065,19.15492005,13.11801385,0.858396935,0.978673593,0.248835885,1.155058561,0.264213465,0.376259329,6496.571399
11.66157006,0.690470447,0.735648177,0.426562814,23.41887184,11.25910763,0.872494236,0.663115656,0.000908124,0.50098404,0.034284955,0.923286021,5457.671919
6.257567317,0.727902153,0.892784013,0.435441983,21.36876588,14.99336528,0.892648729,0.159734702,0.007785301,1.908155236,0.012950902,0.544824676,5011.223469
17.75575988,0.760789651,0.805701312,0.538168411,22.84201173,9.612854406,0.942036724,0.999903528,0.036953817,1.912564671,0.010337727,0.269742466,5772.968445
10.57837317,0.718660912,0.826859228,0.474741352,21.47197594,11.7659269,0.910390125,0.55770842,0.003482296,2.548319628,0.049256791,0.702398721,5577.630738
15.89648592,0.655356639,0.952846843,0.550557668,20.6977853,11.15244315,0.835368733,0.962169032,0.019930297,2.949594571,0.126625623,0.658901807,5871.068843
10.33759241,0.719408999,0.850783576,0.479771395,15.64848254,13.41479373,0.873391572,0.533733597,0.003767093,1.940584819,0.109226801,0.989125319,5962.463202
20.30373962,0.807363175,0.853829608,0.504072406,25.2760596,8.597779917,0.869632278,0.941177818,0.115268513,3.855503315,0.184659726,0.265047287,5918.741831
18.77670421,0.59734847,0.907250734,0.625162555,22.55379202,12.43151715,0.896138948,0.991509967,0.105373366,2.224234745,0.071781442,0.672059503,5799.558645
8.755179258,0.713296967,0.763504727,0.433914641,19.39658691,9.313754852,0.921292183,0.376799911,0.001768093,1.653573494,0.036730283,0.052023755,4376.450943
14.85785475,0.629987919,0.716079033,0.560540891,18.79764945,9.342422575,0.920910288,0.912886376,0.049016916,0.388432641,0.160913468,0.113646039,4769.073187
13.22687975,0.819504663,0.695519081,0.635972931,16.43369368,9.593320446,0.811199412,0.800749409,0.142813645,1.73734048,0.026665035,0.003918375,5120.6505
16.84315779,0.54768131,0.603364341,0.522462348,19.51511129,9.425562998,0.953197049,0.989817104,0.232009835,1.663613055,0.046375853,0.999460681,5783.240098
5.175382697,0.644107815,1,0.325239451,21.16381828,10.95477457,0.912628442,0.088997334,0.031239363,2.960304796,0.126364876,0.802273697,5025.989007
13.4302573,0.737721188,0.689679163,0.520002362,20.34814925,9.85338662,0.969226602,0.816743466,0.01422888,2.462483624,0.017460763,0.786723015,5704.95806
15.29212243,0.856552403,0.777874638,0.607969206,26.2835228,13.65473116,0.922209916,0.935792088,0.245086549,0.820630878,0.025685535,0.509726075,6045.299352
1.206302568,0.693424974,0.77231867,0.509980398,18.7321043,12.19899127,0.955066148,0.008804695,0.00043231,2.172254386,0.062049558,0.300067083,4383.578838
4.083707437,0.644480047,0.83074067,0.379359595,21.14332145,12.27041504,0.923327266,0.037078825,0.030824651,2.671531172,0.091128162,0.151264284,3988.702665
1,0.888115707,0.881573721,0.422873352,19.25291042,9.396147465,0.967311288,0.053862211,0.3,3.528031359,0.348295334,0.284674739,5255.96646
8.652965828,0.55519861,0.886047349,0.463264135,17.74554662,8.382106105,0.926112532,0.366920143,0.209674426,2.887503967,0.003676165,0.375971222,4695.666902
13.58771128,0.480119404,0.741692256,0.530579695,16.09155116,11.94287488,0.895104238,0.828767468,0.3,2.760846654,0.009095105,0.756310097,5283.470978
17.51178526,0.744001445,0.783287829,0.70733502,21.4485994,12.00223927,1,0.998829473,0.019361272,2.060085995,0.015864317,0.539661789,6050.126062
10.3704739,0.649794578,0.828257995,0.428556223,17.95357441,13.70395759,0.944451856,0.537013501,0.025205844,2.388312005,0.021757487,0.077483627,4426.685966
18.14307773,0.597876718,0.775130887,0.59411776,18.00799669,8.401231822,0.928687221,0.999164467,0.104291647,3.249504901,0.069684692,0.018029009,5213.596134
3.099492709,0.770835645,0.960734558,0.454379586,23.95369977,10.41349057,0.836184779,0.009063617,0.050176886,0.667222603,0.265637353,0.10233218,4812.678506
1.483087803,0.724380071,0.849097495,0.469120194,18.83702624,6.359822981,0.835584619,0.004388335,0.005943879,1.650560673,0.100354354,0.410498714,4658.060308
9.722261506,0.643592137,0.873487779,0.502121773,13.5308622,9.498996017,0.914635774,0.472240431,0.03181847,1.227431251,0.032672323,0.933192917,5497.740648
11.92032724,0.57196956,0.866288127,0.534605799,24.20308707,12.78949799,0.90727606,0.687346416,0.163917935,2.379153119,0.064489738,0.637402481,5291.224954
9.83652626,0.787245733,0.917347386,0.478782834,26.14377527,9.584495404,0.869293872,0.483655538,0.076118179,3.230222176,0.022349784,0.8018259,5893.518592
1,0.765020118,0.818102156,0.410084242,16.45238233,11.64576444,0.907049135,0.060407138,0.042276157,1.403025713,0.027434833,0.466374595,4800.117022
9.554399802,0.690082414,0.670316805,0.478384384,22.26521352,8.764693377,0.979431346,0.455498942,0.000983585,0,0.076657055,0.361666083,4471.826435
3.477652497,0.8846637,0.839968795,0.465855119,21.0095438,11.01754964,0.934770124,0.017627928,0.3,1.587779255,0.129547746,0.108400373,4925.594325
13.34836274,0.592991523,0.734864311,0.515003111,19.3170781,6.854726528,0.842949575,0.810364645,0.114508141,2.913473732,0.005971817,0.875933022,5379.712154
11.83299123,0.547447483,0.747138332,0.537184932,18.7414967,9.88733267,0.894424559,0.679220899,0.232722705,2.537629903,0.027047466,0.783160029,5293.438166
5.300601068,0.630809193,0.858636402,0.45154287,18.14171059,3.173092081,0.859751676,0.096256403,0.047873678,2.428186248,0.049254157,0.168118098,4503.943289
7.430665413,0.695441398,0.923828307,0.530609167,17.18844115,10.29441906,0.880615004,0.25422579,0.000207808,1.720006698,0.004101483,0.512260564,4983.129122
4.703932391,0.724333945,0.802127158,0.444469638,17.94811549,6.099627161,0.879319217,0.064014637,0.005921409,0.720969264,0.000930625,0.487374808,4604.875852
9.686604514,0.675876394,0.830883301,0.408214422,16.43147421,13.07968665,0.876117721,0.468680968,0.005819484,2.515294322,0.017221905,0.625091553,5029.418035
14.7757116,0.73520554,0.970221494,0.610853191,17.61670537,12.88710661,0.837243231,0.908197969,0.0123943,1.16571819,0.077888219,0.946186894,6239.435935
5.071369768,0.574846058,0.824075318,0.405427083,17.88756685,11.26446226,0.893617266,0.083163362,0.156635093,4.184096733,0.003947051,0.579771442,4507.828533
12.52023258,0.84437646,1,0.492514009,19.66048694,15.21142481,0.871969618,0.741486378,0.208445623,2.570507208,0.208296852,0.540217267,6365.479648
7.348711908,0.691784882,0.856550965,0.443704054,22.26395546,8.061906137,0.753527565,0.2471222,0.000674882,1.419351697,0.041700336,0.050322933,4236.960279
6.035635839,0.811729583,0.623923724,0.529078263,26.88130529,13.13721402,1,0.143813816,0.124834998,1.388614753,0.088767944,0.062907476,4703.679928
9.4648482,0.734272535,0.875334162,0.387864771,18.48390167,12.68926473,0.954438483,0.446586935,0.011746066,1.907055793,0.095233453,0.187346791,4647.455068
4.823788388,0.745675322,0.838115838,0.605125311,21.52304558,9.660962342,0.881184964,0.070006978,0.02086235,1.760498078,0.090272434,0.032470772,4512.932721
7.231753473,0.756976728,0.928975275,0.525120375,22.60354881,13.49934001,0.900940952,0.237102568,0.032463475,3.116833776,0.271513791,0.743352896,5648.010602
4.010610537,0.744770856,0.867318135,0.451268051,22.32357079,7.748804381,0.841417283,0.034365987,0.020044295,2.18641617,0.036070811,0.723330304,5380.722384
19.82362566,0.764272276,0.786154402,0.595491557,21.22992758,7.938092422,0.984786144,0.961704119,0.041309255,1.268368261,0.043659629,0.136056234,5543.705818
10.17631776,0.832915253,0.677570176,0.516040881,24.59311726,7.804805722,0.994864435,0.517628122,0.176664645,3.890440685,0.230734391,0.836078901,5542.68114
6.50137246,0.719652117,0.779097674,0.491069846,21.98265309,8.605039546,0.907834686,0.17799614,0.003862057,2.049308332,0.002996972,0.154786035,4188.639218
11.06989955,0.770900376,0.714947955,0.542959775,16.73168716,6.953949385,0.951176532,0.606175357,0.050268633,2.768839676,0.117101229,0.301175587,5190.167704
9.438359752,0.691026431,0.741947655,0.522163821,22.90744268,12.58708529,0.908764339,0.44395401,0.000805249,1.391773493,0.040192215,0.248976899,4887.368398
8.895152002,0.844011722,0.85885784,0.493430554,25.26569375,9.731896482,0.833163728,0.390412125,0.207393759,2.363115628,0.081069931,0.372307099,5549.374652
13.0708335,0.63236077,0.96699045,0.520841414,16.31391018,11.84795463,0.879408832,0.788138852,0.045750655,2.311109991,0.244515105,0.254663766,5370.331849
13.78753855,0.880094043,0.839467153,0.530311721,22.83419307,8.867959639,0.906596398,0.843556403,0.3,0.110350708,0.046381343,0.488950926,6297.790116
7.347494262,0.695984205,0.680411694,0.463729529,22.33141455,4.913022241,0.877272614,0.247017164,0.000161266,4.01527511,0.050592643,0.407407881,4524.306562
7.120908797,0.55692249,0.844460267,0.527897593,17.12123898,10.91489926,0.889067336,0.227739365,0.204711739,3.290644461,0.008378393,0.986569491,5377.261319
8.624741514,0.712810441,0.919663149,0.515925251,23.94757979,6.128566951,0.895430022,0.364201654,0.001641074,1.602804684,0.00575984,0.05592635,4514.597219
1,0.631894834,0.73902171,0.23788451,27.25197624,9.469408547,0.895956075,0.127788095,0.046383136,0.89773026,0.06208226,0.142181376,3703.183414
2.424044689,0.784064355,0.786598283,0.457035486,18.51001421,6.635633607,0.902612925,0.000772787,0.070668158,2.347561614,0.002951131,0.052825894,4053.150351
16.83437134,0.634737602,0.801468819,0.578080523,14.18740792,14.77827531,0.846969747,0.989639924,0.042591806,2.086697699,0.002807053,0.625841195,5557.97605
18.22483857,0.655381657,0.721510169,0.581312948,20.39408993,11.71633155,0.864149193,0.998625282,0.019907966,2.355668949,0.195500163,0.054509277,5118.622468
8.754819802,0.511045927,0.864828043,0.468122275,19.69115767,10.64277736,0.835770787,0.376765074,0.3,2.191577396,0.01718115,0.836439737,5099.904698
12.88278482,0.654769368,0.787905185,0.585033484,18.51350821,12.96032714,0.948890777,0.772570361,0.020458101,2.506240989,0.001395587,0.511938631,5366.846027
11.55625077,0.457612067,0.841953244,0.562938831,21.45059333,8.22056112,0.794717653,0.653124481,0.3,3.447305699,0.044798297,0.527007625,4765.058992
25.39440404,0.541609718,0.711250782,0.615300157,12.93902547,10.7718552,0.957679517,0.531335374,0.250874815,2.568103205,0.149487917,0.561594508,5416.210557
15.59787456,0.776041466,0.75625417,0.57633136,23.56583716,10.21707006,0.96931747,0.949957579,0.057823045,0.950344501,0.095080095,0.170813706,5249.507363
9.360412043,0.778580016,0.872238136,0.445021284,19.05818737,11.06707701,0.884890971,0.436215487,0.061748189,3.362562853,0.095530639,0.197690303,5333.52471
5.222297797,0.742545756,0.762716685,0.38324207,26.65600901,12.82994851,0.769843146,0.091687108,0.018101414,3.640614563,0.024970021,0.318817323,4493.688089
1.967768399,0.603302386,0.972696385,0.388341823,25.52333952,12.79415936,0.881934472,0.000317697,0.093504286,5.152056735,0.423382506,0.593496416,4867.738734
11.01731818,0.695228864,0.760036381,0.553292855,17.24513491,10.45315508,0.896790792,0.601031363,0.000227637,0.876505967,0.030246569,0.210117776,5153.581456
6.218246274,0.699639746,0.822468473,0.509838715,18.07114622,6.163080989,0.849470089,0.156864124,1.30E-06,2.242882013,0.017756294,0.116331727,4239.983852
2.888731452,0.584163531,0.893259083,0.454541586,21.27101057,8.25544339,0.87423908,0.005506092,0.134180875,0,0.281363556,0.970116886,4915.54513
6.767135579,0.85033983,0.658163427,0.503926145,20.90014018,8.85447912,0.97650976,0.198772707,0.226020645,2.553149156,0.032037088,0.021981815,4546.633976
4.592259982,0.787736229,0.623919119,0.471731514,21.15710417,9.167608411,0.933246358,0.058656816,0.076976459,1.451799702,0.292200725,0.802697405,5152.559574
18.43570818,0.677903583,0.647434369,0.552283002,19.75741321,6.372117272,0.853771794,0.996619758,0.004882517,3.923445795,0.391832535,0.78803515,5926.112695
14.40819878,0.702688584,0.92625841,0.565678115,13.32147271,16.54557448,0.820120042,0.885891308,7.23E-05,1.22538503,0.111481814,0.297214114,5637.363907
9.960136793,0.720838281,0.744814185,0.539621844,20.2641421,13.30823085,0.883649134,0.496013722,0.004342339,0.310816962,0.021381652,0.135626616,5204.272206
17.39972069,0.495826513,1,0.611711773,14.52335049,12.98000354,0.889327161,0.997937889,0.3,1.528736259,0.133633982,0.145628647,4949.748456
10.38684154,0.675282262,0.74357524,0.563314084,17.90330405,9.834339908,0.924809959,0.538645572,0.006109666,0.024512229,0.028887441,0.697431617,5367.564174
5.693578993,0.631801575,0.81845513,0.492350982,24.02973564,9.601429254,0.873234164,0.120660101,0.046510251,2.751099455,0.024359348,0.642806591,4746.488131
17.61562039,0.599837999,0.954210995,0.593728614,14.09979586,8.640661667,0.925574979,0.999431947,0.100324264,0,0.366995422,0.782745674,6046.029409
12.69455022,0.671889971,1,0.580453014,22.42456771,11.38960898,0.996757702,0.756600411,0.007901737,2.028457581,0.444607785,0.937481172,6265.423635
4.813769228,0.879768653,1,0.446811629,21.72015953,11.85550824,0.940775051,0.069496547,0.3,0,0.37981511,0.691927363,5841.00455
9.04830661,0.764084286,0.920836623,0.446389334,19.9821037,7.744794357,0.897595575,0.405404266,0.041067957,1.679702195,0.10712281,0.155851537,5332.551757
5.621908733,0.642882101,0.902406253,0.448065739,21.90953315,11.41646092,0.890842476,0.116030173,0.032624544,3.643378156,0.311857318,0.243442617,4842.911802
3.086001345,0.757258278,0.859252695,0.393614881,22.0490537,9.982894452,0.882166343,0.008809688,0.032785104,2.360647891,0.152693551,0.842193731,5236.350269